id,name,model_id:id,group_id:id,perm_read,perm_write,perm_create,perm_unlink
access_account_payment_term_request_sales,account_payment_term_request_sales,model_account_payment_term_request,base.group_sale_salesman,1,1,1,1
access_account_payment_term_request_sales_manager,account_payment_term_request_sales_manager,model_account_payment_term_request,base.group_sale_manager,1,1,1,1
access_account_payment_term_request_sales_support,account_payment_term_request_sales_support,model_account_payment_term_request,gt_order_mgnt.group_sale_support,1,1,1,1
access_account_payment_term_request_account,account_payment_term_request_account,model_account_payment_term_request,account.group_account_user,1,1,0,0
access_account_payment_term_request_purchase,account_payment_term_request_purchase,model_account_payment_term_request,purchase.group_purchase_user,1,1,1,1
,,,,,,,
sales_man_access_product_uom,sales.man.access.product.uom,product.model_product_uom,base.group_sale_salesman,1,1,0,0
access_pricelist_calculater_mrp,pricelist_calculater_mrp,model_pricelist_calculater,mrp.group_mrp_user,1,1,1,0
,,,,,,,
access_account_payment_term_sale,account_payment_term_sale_support,model_account_payment_term,base.group_sale_salesman,1,0,0,0
access_accountant_account_payment_term,access.accountant.account.payment.term,model_account_payment_term,account.group_account_user,1,1,1,1
access_account_payment_term_sale_support,account_payment_term_sale_support,model_account_payment_term,gt_order_mgnt.group_sale_support,1,1,0,0
,,,,,,,
access_accountant_account_payment_term_line,access.accountant.account.payment.term.line,account.model_account_payment_term_line,account.group_account_user,1,1,1,1
,,,,,,,
access_sales_crm_lead,access.accountant.crm.lead,crm.model_crm_lead,base.group_sale_salesman,1,1,1,0
access_accountant_crm_lead,access.accountant.crm.lead,crm.model_crm_lead,account.group_account_user,1,1,0,0
,,,,,,,
access_reserve_history_sales,access.reserve.history,model_reserve_history,base.group_sale_salesman,1,1,0,0
access_reserve_history_sale_support,access.reserve.history,model_reserve_history,gt_order_mgnt.group_sale_support,1,1,1,1
access_reserve_history_sales_manager,access.reserve.history,model_reserve_history,base.group_sale_manager,1,1,1,0
access_reserve_history_mrp,access.reserve.history,model_reserve_history,mrp.group_mrp_user,1,1,1,0
access_reserve_history_purchase,access.reserve.history,model_reserve_history,purchase.group_purchase_user,1,1,1,0
access_reserve_history_stock,access.reserve.history,model_reserve_history,stock.group_stock_user,1,1,1,0
,,,,,,,
access_production_request_colour,access.production.request.colour,model_production_request_colour,mrp.group_mrp_manager,1,1,1,1
access_production_request_width,access.production.request.width,model_production_request_width,mrp.group_mrp_manager,1,1,1,1
access_production_request_length,access.production.request.length,model_production_request_length,mrp.group_mrp_manager,1,1,1,1
access_production_request_thickness,access.production.request.thickness,model_production_request_thickness,mrp.group_mrp_manager,1,1,1,1
access_production_request_treatment,access.production.request.treatment,model_production_request_treatment,mrp.group_mrp_manager,1,1,1,1
access_production_request_type,access.production.request.type,model_production_request_type,mrp.group_mrp_manager,1,1,1,1
access_production_request_detail,access.production.request.detail,model_production_request_detail,mrp.group_mrp_manager,1,1,1,1
access_production_request_core,access.production.request.core,model_production_request_core,mrp.group_mrp_manager,1,1,1,1
access_production_request_avg_weight,access.production.request.avg.weight,model_production_request_avg_weight,mrp.group_mrp_manager,1,1,1,1
access_production_request_appearance,access.production.request.appearance,model_production_request_appearance,mrp.group_mrp_manager,1,1,1,1
access_production_request_strength,access.production.request.strength,model_production_request_strength,mrp.group_mrp_manager,1,1,1,1
access_production_request_sealing,access.production.request.sealing,model_production_request_sealing,mrp.group_mrp_manager,1,1,1,1
access_production_request_cut_process,access.production.request.cut.process,model_production_request_cut_process,mrp.group_mrp_manager,1,1,1,1
access_production_request_cut_size,access.production.request.cut.size,model_production_request_cut_size,mrp.group_mrp_manager,1,1,1,1
access_production_request_print_mark,access.production.request.print.mark,model_production_request_print_mark,mrp.group_mrp_manager,1,1,1,1
access_production_request_print_color,access.production.request.print.color,model_production_request_print_color,mrp.group_mrp_manager,1,1,1,1
access_production_request_art_color,access.production.request.art.color,model_production_request_art_color,mrp.group_mrp_manager,1,1,1,1
,,,,,,,
access_stock_return_picking,access.stock.return.picking,model_stock_return_picking,base.group_sale_manager,1,1,1,1
,,,,,,,
access_mrp_complete_date_sales,access.mrp.complete.date,model_mrp_complete_date,base.group_sale_salesman,1,0,0,0
access_mrp_complete_date_sales_manager,access.mrp.complete.date,model_mrp_complete_date,base.group_sale_manager,1,1,1,1
access_mrp_complete_date_sales_support,access.mrp.complete.date,model_mrp_complete_date,gt_order_mgnt.group_sale_support,1,1,1,0
access_mrp_complete_date_mrp,access.mrp.complete.date,model_mrp_complete_date,mrp.group_mrp_user,1,1,1,0
access_mrp_complete_date_purchase,access.mrp.complete.date,model_mrp_complete_date,purchase.group_purchase_user,1,1,1,0
,,,,,,,
access_res_partner_city_sales,access.res.partner.city,model_res_partner_city,base.group_sale_salesman,1,1,1,0
access_res_partner_city_sales_support,access.res.partner.city,model_res_partner_city,gt_order_mgnt.group_sale_support,1,1,1,0
access_res_partner_city_sales_manageranahemr,access.res.partner.city,model_res_partner_city,base.group_sale_manager,1,1,1,1
access_res_partner_city_stock,access.res.partner.city,model_res_partner_city,stock.group_stock_user,1,1,1,0
access_res_partner_city_account,access.res.partner.city,model_res_partner_city,account.group_account_invoice,1,1,1,0
access_res_partner_city_purchase,access.res.partner.city,model_res_partner_city,purchase.group_purchase_manager,1,1,1,0
,,,,,,,
access_credit_profile_customer,access.credit.profile.customer,model_credit_profile_customer,base.group_sale_manager,1,1,1,1
,,,,,,,
access_mrp_delivery_date_sales_manager,access.mrp.delivery.date,model_mrp_delivery_date,base.group_sale_manager,1,1,1,1
access_mrp_delivery_date_sales_support,access.mrp.delivery.date,model_mrp_delivery_date,gt_order_mgnt.group_sale_support,1,1,1,1
access_mrp_delivery_date_inventory,access.mrp.delivery.date,model_mrp_delivery_date,stock.group_stock_user,1,1,1,0
access_mrp_delivery_date_sales,access.mrp.delivery.date,model_mrp_delivery_date,base.group_sale_salesman,1,0,0,0
,,,,,,,
access_stock_vahicle_number,access.stock.vahicle.number,model_stock_vahicle_number,base.group_sale_manager,1,1,1,1
,,,,,,,
access_n_manufacturing_request_sales,n_manufacturing_request_sales,model_n_manufacturing_request,base.group_sale_salesman,1,0,0,0
access_n_manufacturing_request_support,n_manufacturing_request_support,model_n_manufacturing_request,gt_order_mgnt.group_sale_support,1,1,1,0
access_n_manufacturing_request_manager,n_manufacturing_request,model_n_manufacturing_request,base.group_sale_manager,1,1,1,1
access_n_manufacturing_request_mrp,n_manufacturing_request_mrp,model_n_manufacturing_request,mrp.group_mrp_user,1,1,0,0
access_n_manufacturing_request_inventory,n_manufacturing_request_inventory,model_n_manufacturing_request,stock.group_stock_user,1,1,0,0
access_n_manufacturing_request_purchase,n_manufacturing_request_purchase,model_n_manufacturing_request,purchase.group_purchase_user,1,1,0,0
,,,,,,,
access_customer_contract_sales_support,access.customer.contract,model_customer_contract,gt_order_mgnt.group_sale_support,1,1,1,1
access_customer_contract_salesman,access.customer.contract,model_customer_contract,base.group_sale_salesman,1,1,1,0
access_customer_contract_account,access.customer.contract,model_customer_contract,account.group_account_user,1,0,0,0
,,,,,,,
access_reserve_product_qty_manager,access.n.reserve.productqty,model_n_reserve_productqty,base.group_sale_manager,1,1,1,1
access_reserve_product_qty_sale_support,access.n.reserve.productqty,model_n_reserve_productqty,gt_order_mgnt.group_sale_support,1,1,1,1
access_reserve_product_qty_sale_mrp,access.n.reserve.productqty,model_n_reserve_productqty,mrp.group_mrp_user,1,1,1,1
access_reserve_product_qty_stock,access.n.reserve.productqty,model_n_reserve_productqty,stock.group_stock_user,1,1,1,1
,,,,,,,
access_extra_qty_manager,access.n.extra.quantity,model_n_extra_quantity,base.group_sale_manager,1,1,1,0
access_extra_qty_sale_support,access.n.extra.quantity,model_n_extra_quantity,gt_order_mgnt.group_sale_support,1,1,1,0
access_extra_qty_mrp,access.n.extra.quantity,model_n_extra_quantity,mrp.group_mrp_user,1,1,1,0
access_extra_qty_sales,access.n.extra.quantity,model_n_extra_quantity,base.group_sale_salesman,1,0,0,0
,,,,,,,
access_change_product_qty_mrp,access.change.production.qty,model_change_production_qty,mrp.group_mrp_user,1,1,1,1
,,,,,,,
access_contract_product_line_sale_user,contract_product_line_sale,model_contract_product_line,base.group_sale_salesman,1,0,0,0
access_contract_product_line_sale_support,contract_product_line_support,model_contract_product_line,gt_order_mgnt.group_sale_support,1,1,1,1
access_contract_product_line_manager,contract_product_line_manger,model_contract_product_line,base.group_sale_manager,1,1,1,1
access_contract_product_line_account,contract_product_line_account,model_contract_product_line,account.group_account_user,1,0,0,0
,,,,,,,
access_production_request_detail_sale_support,production_request_detail_sale_support,model_production_request_detail,gt_order_mgnt.group_sale_support,1,0,0,0
access_production_request_detail_sale_manager,production_request_detail_sale_manager,model_production_request_detail,base.group_sale_manager,1,1,1,1
access_production_request_detail_sale,production_request_detail_sale,model_production_request_detail,base.group_sale_salesman,1,0,0,0
access_production_request_detail_mrp,production_request_detail_mrp,model_production_request_detail,mrp.group_mrp_user,1,1,1,1
access_production_request_detail_inventory,production_request_detail_inventory,model_production_request_detail,stock.group_stock_user,1,0,0,0
access_production_request_detail_purchase,production_request_detail_purchase,model_production_request_detail,purchase.group_purchase_user,1,0,0,0
,,,,,,,
access_contract_schedule,access.contract.schedule,model_contract_schedule,base.group_sale_salesman,1,1,1,1
,,,,,,,
access_customer_upload_doc_sales,access.customer.upload.doc,model_customer_upload_doc,base.group_sale_salesman,1,1,1,1
access_customer_upload_doc_sale_support,access.customer.upload.doc,model_customer_upload_doc,gt_order_mgnt.group_sale_support,1,1,1,1
access_customer_upload_doc_mrp,access.customer.upload.doc,model_customer_upload_doc,mrp.group_mrp_user,1,0,0,0
access_customer_upload_doc_account,access.customer.upload.doc,model_customer_upload_doc,account.group_account_user,1,0,0,0
access_customer_upload_doc_inventory_user,access.customer.upload.doc,model_customer_upload_doc,stock.group_stock_user,1,0,0,0
access_customer_upload_doc_purchase,access.customer.upload.doc,model_customer_upload_doc,purchase.group_purchase_user,1,1,1,0
access_customer_upload_receiption,access.customer.upload.doc,model_customer_upload_doc,gt_order_mgnt.group_sale_reception,1,0,0,0
,,,,,,,
access_sale_order_line_status_sales,sale_order_line_status_sales,model_sale_order_line_status,base.group_sale_salesman,1,0,0,0
access_sale_order_line_status_sale_support,sale_order_line_status_sale_support,model_sale_order_line_status,gt_order_mgnt.group_sale_support,1,0,0,0
access_sale_order_line_status_mrp,sale_order_line_status_mrp,model_sale_order_line_status,mrp.group_mrp_user,1,0,0,0
access_sale_order_line_status_account,sale_order_line_status_account,model_sale_order_line_status,account.group_account_user,1,0,0,0
access_sale_order_line_status_inventory_user,sale_order_line_status_inventory_user,model_sale_order_line_status,stock.group_stock_user,1,0,0,0
access_sale_order_line_status_purchase,sale_order_line_status_purchase,model_sale_order_line_status,purchase.group_purchase_user,1,0,0,0
access_sale_order_line_status_receiption,sale_order_line_status_receiption,model_sale_order_line_status,gt_order_mgnt.group_sale_reception,1,0,0,0
,,,,,,,
access_stock_picking_split,access.stock.picking.split,model_stock_picking_split,gt_order_mgnt.group_sale_support,1,1,1,1
,,,,,,,
access_stock_move_scrap_sales_manager,access.stock.move.scrap,model_stock_move_scrap,base.group_sale_manager,1,1,1,1
access_stock_move_scrap_mrp,access.stock.move.scrap,model_stock_move_scrap,mrp.group_mrp_user,1,1,1,0
access_stock_move_scrap_stock,access.stock.move.scrap,model_stock_move_scrap,stock.group_stock_user,1,1,1,0
,,,,,,,
access_account_bank_statement_sale_support,account_bank_statement_sale_support,model_account_bank_statement,gt_order_mgnt.group_sale_support,1,1,0,0
,,,,,,,
access_purchase_requisition_sale,purchase_requisition_sale,model_purchase_requisition,base.group_sale_salesman,1,0,0,0
access_purchase_requisition_sale_support,purchase_requisition_sale_support,model_purchase_requisition,gt_order_mgnt.group_sale_support,1,1,0,0
access_purchase_requisition_mrp,purchase_requisition_mrp,model_purchase_requisition,mrp.group_mrp_user,1,1,1,0
,,,,,,,
access_purchase_requisition_line_sale_support,purchase_requisition_line_sale_support,model_purchase_requisition_line,gt_order_mgnt.group_sale_support,1,0,0,0
access_purchase_requisition_line_mrp,purchase_requisition_line_mrp,model_purchase_requisition_line,mrp.group_mrp_user,1,1,1,0
,,,,,,,
access_purchase_order_sale,purchase_order_sale,model_purchase_order,base.group_sale_salesman,1,1,0,0
access_purchase_order_sale_support,purchase_order_sale_support,model_purchase_order,gt_order_mgnt.group_sale_support,1,1,0,0
access_purchase_order_mrp,purchase_order_mrp,model_purchase_order,mrp.group_mrp_user,1,1,0,0
,,,,,,,
access_purchase_order_line_sales,purchase_order_line_sales,model_purchase_order_line,base.group_sale_salesman,1,0,0,0
access_purchase_order_line_sale_support,purchase_order_line_sale_support,model_purchase_order_line,gt_order_mgnt.group_sale_support,1,0,0,0
access_purchase_order_line_sale_mrp,purchase_order_line_sale_mrp,model_purchase_order_line,mrp.group_mrp_user,1,0,0,0
,,,,,,,
access_request_payment_term_wizard_sale_support,access.request.payment.term.wizard,model_request_payment_term_wizard,gt_order_mgnt.group_sale_support,1,1,1,0
access_request_payment_term_wizard_sale_manager,access.request.payment.term.wizard,model_request_payment_term_wizard,base.group_sale_manager,1,1,1,1
access_request_payment_term_wizard_sale,access.request.payment.term.wizard,model_request_payment_term_wizard,base.group_sale_salesman,1,1,1,0
access_request_payment_term_wizard_purchase,access.request.payment.term.wizard,model_request_payment_term_wizard,purchase.group_purchase_user,1,1,1,0
,,,,,,,
access_order_confirm_wizard_sale_support,access.order.confirm.wizard,model_order_confirm_wizard,gt_order_mgnt.group_sale_support,1,1,1,0
access_order_confirm_wizard_sale_manager,access.order.confirm.wizard,model_order_confirm_wizard,base.group_sale_manager,1,1,1,1
access_order_confirm_wizard_sale,access.order.confirm.wizard,model_order_confirm_wizard,base.group_sale_salesman,1,1,1,0
,,,,,,,
access_customer_product_account,customer_product_account,gt_customer_products.model_customer_product,account.group_account_user,1,0,0,0
access_customer_product_purchase,customer_product_purchase,gt_customer_products.model_customer_product,purchase.group_purchase_user,1,0,0,0
access_customer_product_mrp,customer_product_mrp,gt_customer_products.model_customer_product,mrp.group_mrp_user,1,0,0,0
access_customer_product_inventory,customer_product_inventory,gt_customer_products.model_customer_product,stock.group_stock_user,1,0,0,0
access_customer_product_purchase_manager,customer_product_purchase_manager,gt_customer_products.model_customer_product,purchase.group_purchase_manager,1,0,0,0
,,,,,,,
access_account_invoice_sales,account_invoice_sales,account.model_account_invoice,base.group_sale_salesman,1,0,0,0
,,,,,,,
access_product_price_history_mrp,product_price_history_mrp,product.model_product_price_history,mrp.group_mrp_user,1,1,1,0
,,,,,,,
access_custom_saleorder_invoice,custom_saleorder_invoice_salesupport,model_custom_saleorder_invoice,gt_order_mgnt.group_sale_support,1,1,1,1
,,,,,,,
access_res_partner_credit_sales,res_partner_credit_sales,model_res_partner_credit,base.group_sale_salesman,1,1,1,1
access_res_partner_credit_support,custome_res_partner_credit,model_res_partner_credit,gt_order_mgnt.group_sale_support,1,1,1,1
access_res_partner_credit_account,custome_res_partner_credit_account,model_res_partner_credit,account.group_account_user,1,1,1,1
,,,,,,,
access_mrp_production_purchase,mrp_production_purchase,model_mrp_production,purchase.group_purchase_user,1,1,0,0
,,,,,,,
access_account_partial_reconcile_sales,account_partial_reconcile_sales,account_full_reconcile.model_account_partial_reconcile,base.group_sale_salesman,1,0,0,0
access_account_partial_reconcile_support,account_partial_reconcile_support,account_full_reconcile.model_account_partial_reconcile,gt_order_mgnt.group_sale_support,1,0,0,0
,account_partial_reconcile_stock,account_full_reconcile.model_account_partial_reconcile,stock.group_stock_user,1,0,0,0
access_account_partial_reconcile_purchase,account_partial_reconcile_purchase,account_full_reconcile.model_account_partial_reconcile,purchase.group_purchase_user,1,0,0,0
,,,,,,,
access_account_move_sales,account_move_sales,account.model_account_move,base.group_sale_salesman,1,0,0,0
access_account_move_support,account_move_support,account.model_account_move,gt_order_mgnt.group_sale_support,1,1,1,0
access_account_move_stock,account_move_stocl,account.model_account_move,stock.group_stock_user,1,0,0,0
,,,,,,,
access_account_move_line_stock,account_move_line_stock,account.model_account_move_line,stock.group_stock_user,1,0,0,0
access_account_move_line_support,account_move_line_support,account.model_account_move_line,gt_order_mgnt.group_sale_support,1,1,1,0
,,,,,,,
access_account_account_type_support,account_account_type_support,account.model_account_account_type,gt_order_mgnt.group_sale_support,1,0,0,0
,,,,,,,
access_sale_order_purchase,sale_order_purchase,model_sale_order,purchase.group_purchase_user,1,0,0,0
,,,,,,,
access_sale_order_line_purchase,sale_order_line_purchase,model_sale_order_line,purchase.group_purchase_user,1,1,0,0
,,,,,,,
access_stock_quant_sales_support,stock_quant_sales_support,stock.model_stock_quant,gt_order_mgnt.group_sale_support,1,1,1,0
access_stock_quant_stock,stock_quant_stock,stock.model_stock_quant,stock.group_stock_user,1,1,0,0
,,,,,,,
access_sale_order_trial_form_salse,sale_order_trial_form_sales,model_sale_order_trial_form,base.group_sale_salesman,1,1,1,1
access_sale_order_trial_form_support,sale_order_trial_form_support,model_sale_order_trial_form,gt_order_mgnt.group_sale_support,1,1,1,1
access_sale_order_trial_form_mrp,sale_order_trial_form_mrp,model_sale_order_trial_form,mrp.group_mrp_user,1,0,0,0
access_ sale_order_trial_form_inventory,sale_order_trial_form_inventory,model_sale_order_trial_form,stock.group_stock_user,1,0,0,0
access_ sale_order_trial_form_purchase,sale_order_trial_form_purchase,model_sale_order_trial_form,purchase.group_purchase_user,1,0,0,0
,,,,,,,
access_mrp_bom_master_mrp,mrp_bom_master_mrp,model_mrp_bom_master,mrp.group_mrp_manager,1,1,1,1
access_mrp_bom_master_mrp_user,mrp_bom_master_mrp_user,model_mrp_bom_master,mrp.group_mrp_user,1,0,0,0
access_mrp_bom_master_sales,mrp_bom_master_sales,model_mrp_bom_master,base.group_sale_salesman,1,0,0,0
access_mrp_bom_master_support,mrp_bom_master_support,model_mrp_bom_master,gt_order_mgnt.group_sale_support,1,0,0,0
access_mrp_bom_master_purchase,mrp_bom_master_purchase,model_mrp_bom_master,purchase.group_purchase_user,1,0,0,0
access_mrp_bom_master_inventory,mrp_bom_master_inventory,model_mrp_bom_master,stock.group_stock_user,1,0,0,0
,,,,,,,
access_mrp_bom_master_line_mrp,mrp_bom_master_line_mrp,model_mrp_bom_master_line,mrp.group_mrp_manager,1,1,1,1
access_mrp_bom_master_line_mrp_user,mrp_bom_master_line_mrp_user,model_mrp_bom_master_line,mrp.group_mrp_user,1,0,0,0
access_mrp_bom_master_line_sales,mrp_bom_master_line_sales,model_mrp_bom_master_line,base.group_sale_salesman,1,0,0,0
access_mrp_bom_master_line_support,mrp_bom_master_line_support,model_mrp_bom_master_line,gt_order_mgnt.group_sale_support,1,0,0,0
access_mrp_bom_master_line_purchase,mrp_bom_master_line_purchase,model_mrp_bom_master_line,purchase.group_purchase_user,1,0,0,0
access_mrp_bom_master_line_inventory,mrp_bom_master_line_inventory,model_mrp_bom_master_line,stock.group_stock_user,1,0,0,0
,,,,,,,
access_mrp_order_batch_number_manager,access_mrp_order_batch_number_manager,model_mrp_order_batch_number,mrp.group_mrp_manager,1,1,1,1
access_mrp_order_batch_number_user,mrp_order_batch_number_user,model_mrp_order_batch_number,mrp.group_mrp_user,1,0,0,0
,,,,,,,
,,,,,,,
access_mrp_order_machine_produce_manager,access_mrp_order_machine_produce_user,model_mrp_order_machine_produce,mrp.group_mrp_manager,1,1,1,1
access_mrp_order_machine_produce_user,access_mrp_order_machine_produce_user,model_mrp_order_machine_produce,mrp.group_mrp_user,1,1,1,1
,,,,,,,
access_mrp_workcenter_process_manager,access_mrp_workcenter_process_manager,model_mrp_workcenter_process,mrp.group_mrp_manager,1,1,1,1
access_mrp_workcenter_process_user,access_mrp_workcenter_process_user,model_mrp_workcenter_process,mrp.group_mrp_user,1,1,1,1
access_mrp_workcenter_process_inventory,mrp_workcenter_process_inventory,model_mrp_workcenter_process,stock.group_stock_user,1,1,0,0
,,,,,,,
access_product_template_process_manager,product_template_process_manager,model_product_template_process,mrp.group_mrp_manager,1,1,1,1
access_product_template_process_user,product_template_process_user,model_product_template_process,mrp.group_mrp_user,1,1,1,1
access_product_template_process_sales,product_template_process_sales,model_product_template_process,base.group_sale_salesman,1,0,0,0
access_product_template_process_inventory,product_template_process_inventory,model_product_template_process,stock.group_stock_user,1,0,0,0
access_product_template_process_purchase,product_template_process_purchase,model_product_template_process,purchase.group_purchase_user,1,0,0,0
access_product_template_process_account,product_template_process_account,model_product_template_process,account.group_account_user,1,0,0,0
,,,,,,,
access_mrp_order_machine_pause_manager,access_mrp_order_machine_pause_manager,model_mrp_order_machine_pause,mrp.group_mrp_manager,1,1,1,1
access_mrp_order_machine_pause_user,access_mrp_order_machine_pause_user,model_mrp_order_machine_pause,mrp.group_mrp_user,1,1,1,1
,,,,,,,
access_api_calendar_event_mrp,api_api_calendar_event,model_api_calendar_event,mrp.group_mrp_user,1,1,1,0
,,,,,,,
access_machinery_manager,access_machinery_manager,model_machinery,mrp.group_mrp_manager,1,1,1,0
access_machinery_user,access_machinery_user,model_machinery,mrp.group_mrp_user,1,0,0,0
access_machinery_inventory_user,machinery_inventory_user,model_machinery,stock.group_stock_user,1,0,0,0
access_machinery_purchase_user,machinery_purchase_user,model_machinery,purchase.group_purchase_user,1,0,1,0
access_machinery_account_user,machinery_account_user,model_machinery,account.group_account_user,1,1,1,0
,,,,,,,
access_machinery_typemanager,access_machinery_typemanager,model_machinery_type,mrp.group_mrp_manager,1,1,1,1
access_machinery_type_user,access_machinery_type_user,model_machinery_type,mrp.group_mrp_user,1,1,1,1
,,,,,,,
access_machine_maintenancemanager,access_machine_maintenance_manager,model_machine_maintenance,mrp.group_mrp_manager,1,1,1,1
access_machine_maintenance_user,access_machine_maintenance_user,model_machine_maintenance,mrp.group_mrp_user,1,1,1,1
,,,,,,,
access_api_mrp_calendar_mrp_user,api_mrp_calendar_user,model_api_mrp_calendar,mrp.group_mrp_user,1,1,1,0
access_api_mrp_calendar_manager,api_mrp_calendar_manager,model_api_mrp_calendar,base.group_sale_manager,1,1,1,1
,,,,,,,
access_stock_purchase_request_user,stock_purchase_request_user,model_stock_purchase_request,purchase.group_purchase_user,1,0,0,0
access_stock_purchase_request_manager,stock_purchase_request_manager,model_stock_purchase_request,purchase.group_purchase_manager,1,1,1,1
,,,,,,,
access_mrp_order_batch_number_user,mrp_order_batch_number_user,model_mrp_order_batch_number,stock.group_stock_user,1,0,0,0
access_mrp_order_batch_number_manager,mrp_order_batch_number_manager,model_mrp_order_batch_number,stock.group_stock_manager,1,1,1,1
access_mrp_order_batch_number_mo_user,mrp_order_batch_number_mo_user,model_mrp_order_batch_number,mrp.group_mrp_user,1,0,0,0
access_mrp_order_batch_number_mo_manager,mrp_order_batch_number_mo_manager,model_mrp_order_batch_number,mrp.group_mrp_manager,1,1,1,1
,,,,,,,
access_product_raw_material_type_user,product_raw_material_type_user,gt_customer_products.model_product_raw_material_type,mrp.group_mrp_user,1,1,0,0
access_product_raw_material_type_inventory,product_raw_material_type_inventory,gt_customer_products.model_product_raw_material_type,stock.group_stock_user,1,0,0,0
access_product_raw_material_type_purchase,product_raw_material_type_purchase,gt_customer_products.model_product_raw_material_type,purchase.group_purchase_user,1,0,0,0
access_product_raw_material_type_account,product_raw_material_type_account,gt_customer_products.model_product_raw_material_type,account.group_account_user,1,0,0,0
,,,,,,,
access_product_material_type_mrp,product_material_type_mrp,gt_customer_products.model_product_material_type,mrp.group_mrp_user,1,0,0,0
access_product_material_type_inventory,product_material_type_inventory,gt_customer_products.model_product_material_type,stock.group_stock_user,1,0,0,0
access_product_material_type_purchase,product_material_type_purchase,gt_customer_products.model_product_material_type,purchase.group_purchase_user,1,0,0,0
access_product_material_type_account,product_material_type_account,gt_customer_products.model_product_material_type,account.group_account_user,1,0,0,0
,,,,,,,
access_machinery_capacity_type_mrp_user,machinery_capacity_type_mrp_user,model_machinery_capacity_type,mrp.group_mrp_user,1,1,1,0
,,,,,,,
access_mrp_bom_wastage_type,mrp.bom.wastage.type,model_mrp_bom_wastage_type,mrp.group_mrp_manager,1,1,1,1
access_mrp_bom_wastage_type_mrp_user,mrp_bom_wastage_type_mrp_user,model_mrp_bom_wastage_type,mrp.group_mrp_user,1,0,0,0
,,,,,,,
access_mrp_bom_purchase_user,mrp_bom_purchase_user,mrp.model_mrp_bom,purchase.group_purchase_user,1,0,0,0
,,,,,,,
access_ workorder_product_discription_user, workorder.product.discription_user,model_workorder_product_discription,mrp.group_mrp_user,1,0,0,0
access_ workorder_product_discription_manager, workorder.product.discription_manager,model_workorder_product_discription,mrp.group_mrp_manager,1,1,1,1
,,,,,,,
access_ mrp_work_order_jobcard_user,mrp.work.order.jobcard_user,model_mrp_work_order_jobcard,mrp.group_mrp_user,1,0,0,0
access_ mrp_work_order_jobcard_manager,mrp.work.order.jobcard_manager,model_mrp_work_order_jobcard,mrp.group_mrp_manager,1,1,1,1
,,,,,,,
access_mrp_production_workcenter_line_schedule_user,mrp_production_workcenter_line_schedule_user,model_mrp_production_workcenter_line_schedule,mrp.group_mrp_user,1,0,0,0
access_mrp_production_workcenter_line_schedule_manager,mrp_production_workcenter_line_schedule_manager,model_mrp_production_workcenter_line_schedule,mrp.group_mrp_manager,1,1,1,1
,,,,,,,
access_wastage_type_mrp_manager,wastage_type_mrp_manager,model_wastage_type,mrp.group_mrp_manager,1,1,1,1
access_wastage_type_mrp_user,wastage_type_mrp_user,model_wastage_type,mrp.group_mrp_user,1,0,0,0
,,,,,,,
sales_access_product_uom_type_inventory,product_uom_type_inventory,gt_customer_products.model_product_uom_type,stock.group_stock_user,1,1,1,0
sales_access_product_uom_type_purchase,product_uom_type_purchase,gt_customer_products.model_product_uom_type,purchase.group_purchase_user,1,1,1,0
sales_access_product_uom_type_mrp,product_uom_type_mrp,gt_customer_products.model_product_uom_type,mrp.group_mrp_user,1,0,0,0
,,,,,,,
access_ mrp_order_machine_produce_line,mrp_order_machine_produce_line,model_mrp_order_machine_produce_line,mrp.group_mrp_user,1,1,1,0
,,,,,,,
access_mrp_product_produce_line,mrp_product_produce_line,mrp.model_mrp_product_produce_line,mrp.group_mrp_manager,1,1,1,0
,,,,,,,
access_material_details_po,material_details,gt_sale_pricelist.model_material_details,purchase.group_purchase_user,1,0,0,0
,,,,,,,
access_production_request_detail,production_request_detail,model_production_request_detail,purchase.group_purchase_user,1,0,0,0
access_production_request_colour_po,access.production.request.colou_po,model_production_request_colour,purchase.group_purchase_user,1,0,0,0
access_production_request_width_po,access.production.request.width_po,model_production_request_width,purchase.group_purchase_user,1,0,0,0
access_production_request_length_po,access.production.request.length_po,model_production_request_length,purchase.group_purchase_user,1,0,0,0
access_production_request_thickness_po,access.production.request.thickness_po,model_production_request_thickness,purchase.group_purchase_user,1,0,0,0
access_production_request_treatment,access.production.request.treatment_po,model_production_request_treatment,purchase.group_purchase_user,1,0,0,0
access_production_request_type,access.production.request.type_po,model_production_request_type,purchase.group_purchase_user,1,0,0,0
access_production_request_detail,access.production.request.detail_po,model_production_request_detail,purchase.group_purchase_user,1,0,0,0
access_production_request_core,access.production.request.core_po,model_production_request_core,purchase.group_purchase_user,1,0,0,0
access_production_request_avg_weight,access.production.request.avg.weight_po,model_production_request_avg_weight,purchase.group_purchase_user,1,0,0,0
access_production_request_appearance,access.production.request.appearance_po,model_production_request_appearance,purchase.group_purchase_user,1,0,0,0
access_production_request_strength,access.production.request.strength_po,model_production_request_strength,purchase.group_purchase_user,1,0,0,0
access_production_request_sealing,access.production.request.sealing_po,model_production_request_sealing,purchase.group_purchase_user,1,0,0,0
access_production_request_cut_process,access.production.request.cut.process_po,model_production_request_cut_process,purchase.group_purchase_user,1,0,0,0
access_production_request_cut_size,access.production.request.cut.size_po,model_production_request_cut_size,purchase.group_purchase_user,1,0,0,0
access_production_request_print_mark,access.production.request.print.mark_po,model_production_request_print_mark,purchase.group_purchase_user,1,0,0,0
access_production_request_print_color,access.production.request.print.color_po,model_production_request_print_color,purchase.group_purchase_user,1,0,0,0
access_production_request_art_color,access.production.request.art.color_po,model_production_request_art_color,purchase.group_purchase_user,1,0,0,0
,,,,,,,
access_ir_module_category_sales_support,ir_module_category_sales_support,base.model_ir_module_category,gt_order_mgnt.group_sale_support,1,0,0,0
access_ir_module_category_inventory,ir_module_category_inventory,base.model_ir_module_category,stock.group_stock_user,1,0,0,0
access_ir_module_category_mrp,ir_module_category_mrp,base.model_ir_module_category,mrp.group_mrp_user,1,0,0,0
access_ir_module_category_purchase,ir_module_category_purchase,base.model_ir_module_category,purchase.group_purchase_user,1,0,0,0
,,,,,,,
access_mrp_production_workcenter_line_inventory,mrp_production_workcenter_line_inventory,mrp.model_mrp_production_workcenter_line,stock.group_stock_user,1,1,0,0
,,,,,,,
access_mrp_workcenter_inventory,mrp_workcenter_inventory,model_mrp_workcenter,stock.group_stock_user,1,1,0,0
,,,,,,,
access_stock_production_lot_sales_support,stock_production_lot_sales_support,stock.model_stock_production_lot,gt_order_mgnt.group_sale_support,1,0,0,0
,,,,,,,
access_res_partner_supplier_type_sales,res_partner_supplier_type_sales,model_res_partner_supplier_type,base.group_sale_salesman,1,0,0,0
access_res_partner_supplier_type_sales_manager,res_partner_supplier_type_sales_manager,model_res_partner_supplier_type,base.group_sale_manager,1,1,1,0
access_res_partner_supplier_type_sales_support,res_partner_supplier_type_sales_support,model_res_partner_supplier_type,gt_order_mgnt.group_sale_support,1,0,0,0
access_res_partner_supplier_type_purchase,res_partner_supplier_type_purchase,model_res_partner_supplier_type,purchase.group_purchase_user,1,1,0,0
access_res_partner_supplier_type_account,res_partner_supplier_type_account,model_res_partner_supplier_type,account.group_account_user,1,0,0,0
access_res_partner_supplier_type_inventory,res_partner_supplier_type_inventory,model_res_partner_supplier_type,stock.group_stock_user,1,0,0,0
,,,,,,,
access_n_product_discription_sale,n_product_discription_sale,model_n_product_discription,base.group_sale_salesman,1,1,1,0
access_n_product_discription_sale_support,n_product_discription_sale_support,model_n_product_discription,gt_order_mgnt.group_sale_support,1,1,1,0
access_n_product_discription_sale_manager,n_product_discription_sale_manager,model_n_product_discription,base.group_sale_manager,1,1,1,0
access_n_product_discription_account,n_product_discription_account,model_n_product_discription,account.group_account_user,1,0,0,0
access_n_product_discription_mrp,n_product_discription_mrp,model_n_product_discription,mrp.group_mrp_user,1,1,1,0
access_n_product_discription_inventory,n_product_discription_inventory,model_n_product_discription,stock.group_stock_user,1,1,1,0
access_n_product_discription_purchase,n_product_discription_purchase,model_n_product_discription,purchase.group_purchase_user,1,1,1,0
,,,,,,,
access_n_product_discription_value_sale,n_product_discription_value_sale,model_n_product_discription_value,base.group_sale_salesman,1,0,0,0
access_n_product_discription_value_sale_support,n_product_discription_value_sale_support,model_n_product_discription_value,gt_order_mgnt.group_sale_support,1,0,0,0
access_n_product_discription_value_sale_manager,n_product_discription_value_sale_manager,model_n_product_discription_value,base.group_sale_manager,1,1,1,1
access_n_product_discription_value_account,n_product_discription_value_account,model_n_product_discription_value,account.group_account_user,1,0,0,0
access_n_product_discription_value_mrp,n_product_discription_value_mrp,model_n_product_discription_value,mrp.group_mrp_user,1,1,1,1
access_n_product_discription_value_inventory,n_product_discription_value_inventory,model_n_product_discription_value,stock.group_stock_user,1,1,1,1
access_n_product_discription_value_purchase,n_product_discription_value_purchase,model_n_product_discription_value,purchase.group_purchase_user,1,0,0,0
,,,,,,,
access_purchase_milestone_payment_term_sales_manager,purchase_milestone_payment_term_sales_manager,model_purchase_milestone_payment_term,base.group_sale_manager,1,1,1,0
access_purchase_milestone_payment_term_sales_support,purchase_milestone_payment_term_sales_support,model_purchase_milestone_payment_term,gt_order_mgnt.group_sale_support,1,0,0,0
access_purchase_milestone_payment_term_po,purchase_milestone_payment_term_po,model_purchase_milestone_payment_term,purchase.group_purchase_user,1,1,1,0
access_purchase_milestone_payment_term_account,purchase_milestone_payment_term_account,model_purchase_milestone_payment_term,account.group_account_user,1,0,0,0
access_purchase_milestone_payment_term_mrp,purchase_milestone_payment_term_mrp,model_purchase_milestone_payment_term,mrp.group_mrp_user,1,0,0,0
access_purchase_milestone_payment_term_inventory,purchase_milestone_payment_term_inventory,model_purchase_milestone_payment_term,stock.group_stock_user,1,0,0,0
,,,,,,,
access_purchase_milestone_payment_term_name_sales_manager,purchase_milestone_payment_term_name_sales_manager,model_purchase_milestone_payment_term_name,base.group_sale_manager,1,1,1,0
access_purchase_milestone_payment_term_name_sales_support,purchase_milestone_payment_term_name_sales_support,model_purchase_milestone_payment_term_name,gt_order_mgnt.group_sale_support,1,0,0,0
access_purchase_milestone_payment_term_name_po,purchase_milestone_payment_term_name_po,model_purchase_milestone_payment_term_name,purchase.group_purchase_user,1,1,1,0
access_purchase_milestone_payment_term_name_account,purchase_milestone_payment_term_name_account,model_purchase_milestone_payment_term_name,account.group_account_user,1,0,0,0
access_purchase_milestone_payment_term_name_mrp,purchase_milestone_payment_term_name_mrp,model_purchase_milestone_payment_term_name,mrp.group_mrp_user,1,0,0,0
access_purchase_milestone_payment_term_name_inventory,purchase_milestone_payment_term_name_inventory,model_purchase_milestone_payment_term_name,stock.group_stock_user,1,0,0,0
,,,,,,,
access_purchase_order_cancel_purchase,purchase_order_cancel_purchase,model_purchase_order_cancel,purchase.group_purchase_user,1,1,1,1
access_purchase_order_cancel_account,purchase_order_cancel_account,model_purchase_order_cancel,account.group_account_user,1,1,1,0
,,,,,,,
access_res_partner_supplier_type_purchase,purchase_res_partner_supplier_type,model_res_partner_supplier_type,purchase.group_purchase_user,1,1,1,0
,,,,,,,
access_hr_employee_purchase,access_hr_employee,model_hr_employee,purchase.group_purchase_user,1,1,1,0
,,,,,,,
access_account_payment_sales_supoort,access_account_payment,model_account_payment,gt_order_mgnt.group_sale_support,1,1,1,0
access_account_payment_salesperson,access_account_payment_salesperson,model_account_payment,base.group_sale_salesman,1,1,1,0
,,,,,,,
access_sale_order_return,access_sale_order_return_sales_support,model_sale_order_return,gt_order_mgnt.group_sale_support,1,1,1,0
access_sale_order_return_salesperson,access_sale_order_return_sales_person,model_sale_order_return,base.group_sale_salesman,1,1,1,0
