<?xml version="1.0" encoding="utf-8"?>
<openerp>
    <data noupdate="0">
	<!--record model="ir.rule" id="ir_rule_product_attribute">
		<field name="name">Product attribute Rule</field>
		<field name="model_id" ref="model_n_product_discription"/>
		<field name="domain_force">[('user_id','=',user.id)]</field>
		<field name="perm_read" eval="True"/>
		<field name="perm_write" eval="False"/>
		<field name="perm_unlink" eval="False"/>
		<field name="perm_create" eval="False"/>
	</record-->
    </data>
</openerp>
