<?xml version="1.0" encoding="utf-8"?>
<openerp>
    <data noupdate="0">
    	<!--#CH_N81 add groups for hide menu -->
	<record id="group_api_no_user" model="res.groups">
            <field name="name">No User</field>
            <field name="implied_ids" eval="[]"/>
            <field name="category_id" ref="base.module_category_extra"/>
        </record>
    <!--#CH_N81 <<<<<<<<<<<-->

         <record id="group_sale_support" model="res.groups">
            <field name="name">Sales Support</field>
            <field name="implied_ids" eval="[(4, ref('base.group_user'), (4, ref('base.group_sale_manager')))]"/>
            <field name="category_id" ref="base.module_category_usability"/>
        </record>
	<record id="group_film_product" model="res.groups">
            <field name="name">Film manager</field>
            <field name="implied_ids" eval="[(4, ref('base.group_user'), (4, ref('mrp.group_mrp_manager')))]"/>
            <field name="category_id" ref="base.module_category_usability"/>
        </record>
	<record id="group_injection_product" model="res.groups">
            <field name="name">Injection manager</field>
            <field name="implied_ids" eval="[(4, ref('base.group_user'), (4, ref('mrp.group_mrp_manager')))]"/>
            <field name="category_id" ref="base.module_category_usability"/>
        </record>

	<record id="group_API_inventory" model="res.groups">
            <field name="name">Inventory</field>
            <field name="implied_ids" eval="[(4, ref('base.group_user'), (4, ref('stock.group_stock_manager')))]"/>
            <field name="category_id" ref="base.module_category_usability"/>
        </record>

       <record id="group_sale_reception" model="res.groups">
            <field name="name">Sale Reception</field>
            <field name="implied_ids" eval="[(4, ref('base.group_user'), (4, ref('base.group_sale_manager')))]"/>
            <field name="category_id" ref="base.module_category_usability"/>
        </record>
        <record id="group_sale_support_mail" model="res.groups">
            <field name="name">Sales Support Email</field>
            <field name="implied_ids" eval="[(4, ref('base.group_user'), (4, ref('base.group_sale_manager')))]"/>
            <field name="category_id" ref="base.module_category_usability"/>
        </record>

         <record id="group_manager_mail" model="res.groups">
            <field name="name">Manager Email</field>
            <field name="implied_ids" eval="[(4, ref('base.group_user'), (4, ref('base.group_sale_manager')))]"/>
            <field name="category_id" ref="base.module_category_usability"/>
        </record>
       <record id="group_delivery_mail" model="res.groups">
            <field name="name">Delivery Email</field>
            <field name="implied_ids" eval="[(4, ref('stock.group_stock_user'), (4, ref('stock.group_stock_manager')))]"/>
            <field name="category_id" ref="base.module_category_usability"/>
        </record>
       <record id="group_account_mail" model="res.groups">
            <field name="name">Account Email</field>
            <field name="implied_ids" eval="[(4, ref('account.group_account_user'), (4, ref('account.group_account_manager')))]"/>
            <field name="category_id" ref="base.module_category_usability"/>
        </record>
        <record id="group_register_payment_mail" model="res.groups">
            <field name="name">Register Payment Email</field>
            <field name="implied_ids" eval="[(4, ref('account.group_account_user'), (4, ref('account.group_account_manager')))]"/>
            <field name="category_id" ref="base.module_category_usability"/>
        </record>
    </data>
</openerp>
