<?xml version="1.0" encoding="utf-8"?>
<openerp>
    <data>
        <record id="paperformat_reportsummary" model="report.paperformat">
            <field name="name">Summary Report</field>
            <field name="default" eval="True"/>
            <field name="format">custom</field>
            <field name="page_height">297</field>
            <field name="page_width">210</field>
            <field name="orientation">Landscape</field>
            <field name="margin_top">40</field>
            <field name="margin_bottom">23</field>
            <field name="margin_left">5</field>
            <field name="margin_right">5</field>
            <field name="header_line" eval="False"/>
            <field name="header_spacing">35</field>
            <field name="dpi">90</field>
        </record>
    </data>
</openerp>
