<odoo>
	<template id="assets_backend_web_menu_hide_9" inherit_id="web.assets_backend">
            <xpath expr="." position="inside">
             <link rel="stylesheet" href="/gt_order_mgnt/static/src/css/mycss.css"/>
                <script type="text/javascript" src="/gt_order_mgnt/static/src/js/menu_my.js"></script>
            </xpath>
        </template>
	
	<template id="menu_webclient_bootstrap_web_menu_hide_9" inherit_id="web.webclient_bootstrap">
            <xpath expr="//div[@class='navbar-header']" position="inside">
                <ul class="ul_toggle_leftmenu">
                    <li class="btn-link toggle_leftmenu">
                        <span class="fa fa-bars fa-2x"></span>
                    </li>
                </ul>
            </xpath>
        </template>
    
</odoo>
