<?xml version="1.0" encoding="UTF-8"?>
<templates id="template" xml:space="preserve">

<t t-extend="Dialog">
         <t t-operation="replace" t-jquery="h4.modal-title">
       
                <h4 class="modal-title"><t t-raw="title"/><span class="o_subtitle text-muted"><t t-esc="subtitle"/></span><span class="fa fa-arrows-alt" style="font-size:20px;color:grey;margin-left:300px;cursor: pointer;" ></span></h4>
         </t></t>
<t t-extend="mail.Chatter">

 <t t-operation="replace" t-jquery="div.o_chatter">
     <div class="o_chatter">
            <div class="o_chatter_topbar">
                <!--button type="button" class="btn btn-sm btn-primary o_chatter_button_new_message" title="Send a message">
                    Send Mail
                </button-->
                   <button tabindex="6" class="btn btn-sm btn-primary o_chatter_button_mail_history" title="Send a message" type="button">
                     Send Mail
                </button>
                
                <button type="button" class="btn btn-sm btn-primary o_chatter_history_show" title="Show History" >
                   Show History
                </button>
                 <button type="button" class="btn btn-sm btn-primary o_chatter_history_hide" title="Hide History " style="display:none;">
                   Hide History
                 </button>
                <!--button t-if="widget.options.display_log_button" class="btn btn-sm btn-link o_chatter_button_log_note" title="Log a note. Followers will not be notified." style="display:none">
                    Log an internal note
                </button-->
            </div>
        </div>

 </t>

</t>
<t t-extend="mail.Followers.add_more">
 <t t-operation="replace" t-jquery="li.o_add_follower_channel">
        
    </t>
</t>
<t t-extend="mail.Followers.subtype">
<t t-operation="replace" t-jquery="li.o_subtype">
        <li class="o_subtype">
            <input type="checkbox" t-att-checked="record.followed"
                   t-att-id="'input_mail_followers_subtype_'+record.id+(dialog ? '_in_dialog': '')"
                   t-att-data-id="record.id" t-att-name="record.name" class="o_subtype_checkbox"/>
            <span t-att-for="'input_mail_followers_subtype_'+record.id+(dialog ? '_in_dialog': '')">
                <t t-esc="record.name"/>
            </span>
            <i t-if="display_warning" class="fa fa-warning text-warning"/>
        </li>
    </t>
</t>
<!--
<t t-extend="mail.Followers">
	<t t-operation="replace" t-jquery="div.o_followers">
        <div class="o_followers" style="display:none">
            <div t-attf-class="o_followers_title_box">
                <button t-attf-class="btn btn-sm btn-default dropdown-toggle"
                        data-toggle="dropdown" aria-expanded="false">
                    <span class="o_followers_count"/>
                    <span class="caret"/>
                </button>
                <ul class="dropdown-menu o_followers_list" role="menu"></ul>
            </div>
            <div class="o_followers_actions">
                <div t-attf-class="btn-group btn-group-sm o_subtypes_list">
                    <button class="btn btn-sm btn-primary o_followers_follow_button o_followers_notfollow">
                        <span class="o_follow">Follow</span>
                        <span class="fa fa-times o_followers_unfollow"/>
                        <span class="o_followers_unfollow"> Unfollow</span>
                        <span class="fa fa-check o_followers_following"/>
                        <span class="o_followers_following"> Following</span>
                    </button><button t-attf-class="btn btn-sm btn-primary dropdown-toggle" data-toggle="dropdown" aria-expanded="false">
                        <span class="caret"/>
                    </button>
                    <ul class="dropdown-menu" role="menu"/>
                </div>
            </div>
        </div>
    </t>
</t>
-->
<t t-name="Menu.needaction_counter">
<!--    <div id="menu_counter" class="badge pull-right">
        <t t-if="widget.needaction_counter &gt; 99"> 99+ </t>
        <t t-if="widget.needaction_counter &lt;= 99"> <t t-esc="widget.needaction_counter"/> </t>
    </div>-->
</t>

</templates>
