<?xml version="1.0" encoding="utf-8"?>
<openerp>
    <data noupdate="1">
       <!--For FILM  -->
        <record id="film_rm_route" model="stock.location.route">
            <field name="name">Film Route</field>
            <field name="active">True</field>
        </record>
        
        <record id="film_rm_route_path1" model="stock.location.path">
            <field name="name">Stock >> Virtual Location</field>
            <field name="active">True</field>
            <field name="sequence">10</field>
            <field name="route_id" ref="film_rm_route"/>
            <field name="location_from_id" ref="api_raw_material.virtual_film_location"/>
            <field name="location_dest_id" ref="api_raw_material.virtual_film_location"/>
            <field name="picking_type_id" ref="api_raw_material.send_film_rm_picking"/>
        </record>
        <record id="film_rm_route_path2" model="stock.location.path">
            <field name="name">Stock >> Virtual Location</field>
            <field name="active">True</field>
            <field name="sequence">11</field>
            <field name="route_id" ref="film_rm_route"/>
            <field name="location_from_id" ref="api_raw_material.virtual_film_location"/>
            <field name="location_dest_id" ref="api_raw_material.receive_film_location"/>
            <field name="picking_type_id" ref="api_raw_material.receive_film_rm_picking"/>
        </record>
        
        <record id="injection_rm_route" model="stock.location.route">
            <field name="name">Injection Route</field>
            <field name="active">True</field>
        </record>
        
        <record id="injection_rm_route_path1" model="stock.location.path">
            <field name="name">Stock >> Virtual Location</field>
            <field name="active">True</field>
            <field name="sequence">20</field>
            <field name="route_id" ref="injection_rm_route"/>
            <field name="location_from_id" ref="api_raw_material.virtual_injection_location"/>
            <field name="location_dest_id" ref="api_raw_material.virtual_injection_location"/>
            <field name="picking_type_id" ref="api_raw_material.send_injection_rm_picking"/>
        </record>
        <record id="injection_rm_route_path2" model="stock.location.path">
            <field name="name">Stock >> Virtual Location</field>
            <field name="active">True</field>
            <field name="sequence">21</field>
            <field name="route_id" ref="injection_rm_route"/>
            <field name="location_from_id" ref="api_raw_material.virtual_injection_location"/>
            <field name="location_dest_id" ref="api_raw_material.receive_injection_location"/>
            <field name="picking_type_id" ref="api_raw_material.receive_injection_rm_picking"/>
        </record>
    </data>
</openerp>
