<?xml version="1.0" encoding="utf-8"?>
<openerp>
    <data>

        <record id="view_users_form" model="ir.ui.view">
            <field name="name">res.users.form</field>
            <field name="model">res.users</field>
            <field name="inherit_id" ref="base.view_users_form"/>
            <field name="arch" type="xml">
                <xpath expr="//field[@name='action_id']" position="after">
                    <field name="smtp_server_id" readonly="1"/>
                </xpath>
            </field>
        </record>

    </data>
</openerp>
