<?xml version="1.0" encoding="utf-8"?>
<openerp>
    <data>
        <!-- Delivery Order Date Changed -->
	<record id="email_template_for_delivery_done" model="mail.template">
	    <field name="name">Delivery order is Received by Customer</field>
		    <field name="email_from">${(user.email or '')|safe}</field>
		    <field name="subject">${(object.name)} is Delivered To ${(object.partner_id.name)}. 
                   </field>
		    <field name="lang">${object.partner_id.lang}</field>
		    <field name="model_id" ref="stock.model_stock_picking"/>
		    <field name="auto_delete" eval="False"/>
		    <field name="body_html">
		        <![CDATA[
		    ]]>
	    </field>
	</record>
    </data>
</openerp>
