<?xml version="1.0" encoding="UTF-8"?>
<templates id="template" xml:space="preserve">
 <t t-extend="FieldChar">
    <t t-jquery="span" t-operation="replace">
    <span t-att-class="'oe_form_field '+widget.widget_class" t-att-style="widget.node.attrs.style">
        <t t-if="!widget.get('effective_readonly')">
            <input t-att-type="widget.password ? 'password' : 'text'"
                t-att-barcode_events="widget.options.barcode_events"
                t-att-id="widget.id_for_label"
                t-att-tabindex="widget.node.attrs.tabindex"
                t-att-autofocus="widget.node.attrs.autofocus"
                t-att-placeholder="widget.node.attrs.placeholder"
                t-att-maxlength="widget.field.size"
                t-att-autocomplete="widget.password ? 'new-password' : widget.node.attrs.autocomplete"
            /><!--img class="oe_field_translate oe_input_icon" t-if="widget.field.translate" t-att-src='_s + "/web/static/src/img/icons/terp-translate.png"' width="16" height="16" border="0"/-->
        </t>
        <t t-if="widget.get('effective_readonly')">
            <span class="oe_form_char_content"></span>
        </t>
    </span>
    </t>
 </t>


</templates>
