<?xml version="1.0" encoding="UTF-8"?>

<templates id="template">
    
    <t t-extend="DashboardMain">
        <t t-jquery="div" t-operation="replace" >
            <div class="container-fluid o_web_settings_dashboard">
                <div class="row">
                    <div class="o_web_settings_dashboard_enterprise"/>
                    <div class="col-md-3 col-sm-6 col-xs-12 o_web_settings_dashboard_col"> <div class="text-center o_web_settings_dashboard_apps"></div>
                        <ul class="nav nav-pills o_web_settings_dashboard_pills">
                            <!--li role="presentation" class="text-center"><a href="https://www.odoo.com/apps/modules" target="_blank"><i class="fa fa-rocket fa-2x text-muted"/> App store </a></li>
                            <li role="presentation" class="text-center pull-right"><a href="https://www.odoo.com/apps/themes" target="_blank"><i class="fa fa-picture-o fa-2x text-muted"/> Theme store</a></li-->
                        </ul>
                    </div>
                    <div class="col-md-3 col-sm-6 col-xs-12 o_web_settings_dashboard_col"> 
                        <div class="text-center o_web_settings_dashboard_invitations"></div>
                    </div>
                    <div class="col-md-3 col-sm-6 col-xs-12 o_web_settings_dashboard_col">
                        <div class="text-center o_web_settings_dashboard_planner"></div>
                    </div>
                    <div class="col-md-3 col-sm-6 col-xs-12 o_web_settings_dashboard_col">
                        <div class="text-center o_web_settings_dashboard_share"></div>
                    </div>
                </div>
            </div>
        </t>
    </t>
    
    <t t-extend="DashboardApps">
        <t t-jquery="div" t-operation="replace" >
        <div class="text-center o_web_settings_dashboard_apps">
            <i class="fa fa-cog fa-4x text-muted o_browse_apps" style="cursor: pointer;"></i>
            <div class="o_web_settings_dashboard_header">
                <t t-set="installed_apps" t-value="widget.data.installed_apps"/>
                <t t-if="installed_apps">
                    <t t-esc="installed_apps"></t>
                    <t t-if="installed_apps == 1">Installed App</t>
                    <t t-if="installed_apps > 1">Installed Apps</t>
                </t>
                <t t-if="! installed_apps">
                    No app installed
                </t>
            </div>
            <div>
                <a class="btn btn-primary btn-block o_browse_apps" role="button"><strong>Browse Apps</strong></a>
            </div>
            <div class="clearfix"/>
        </div>
        </t>
    </t>
    
    <t t-extend="DashboardPlanner">
        <t t-jquery="div" t-operation="replace" >
        <div class="text-center o_web_settings_dashboard_planner">
            <i class="fa fa-info-circle fa-4x text-muted"></i>
            <div class="o_web_settings_dashboard_header">
                <span class="o_web_settings_dashboard_planner_overall_progress"><t t-esc="widget.overall_progress"></t></span>%
                Implementation
            </div>
            <div>
                <small class="text-muted text-center o_web_settings_dashboard_compact_subtitle">
                    Follow these implementation guides to get the most out of Modules.
                </small>
            </div>
            <hr/>
            <t t-set="planners" t-value="widget.planners"/>
            <t t-call="DashboardPlanner.PlannersList"/>
            <hr/>
            <!-->Need more help? <a href="https://www.odoo.com/documentation/user">Browse the documentation.</a-->
        </div>
        </t>
    </t>
    
    <t t-extend="DashboardShare">
        <t t-jquery="div" t-operation="replace" >
        <div class="text-center o_web_settings_dashboard_share">
            <!--i class="fa fa-share-alt fa-4x text-muted"/>
            <div class="o_web_settings_dashboard_header">Social Share</div>
            <div>
                <small class="text-muted text-center o_web_settings_dashboard_compact_subtitle">
                    Help us spread the word: Share ERP awesomeness with your friends!
                </small>
            </div>
            <hr/>
            <div class="row mt16">
                <div class="col-xs-4"><a><i class="fa fa-twitter-square fa-4x tw_share"/></a></div>
                <div class="col-xs-4"><a><i class="fa fa-facebook-square fa-4x fb_share"/></a></div>
                <div class="col-xs-4"><a><i class="fa fa-linkedin-square fa-4x li_share"/></a></div>
            </div-->
        </div>
        </t>
    </t>
    
    <t t-extend="DashboardEnterprise">
        <t t-jquery="div" t-operation="replace" >
            <div>
            </div>
        </t>
    </t>
</templates>
