<?xml version="1.0" encoding="UTF-8"?>

<templates id="template">
    <t t-extend="PlannerLauncher.about">
        <t t-jquery="div" t-operation="replace">
        <div class="oe_about">

            <div class="container-fluid">
                <div class="row">
                    <a class="oe_activate_debug_mode oe_right label label-primary" href="?debug" >Activate the developer mode</a>
                </div>
                <div class="row">
                    <div class="col-sm-offset-2 col-md-offset-2 col-sm-8 col-md-8 user-details">
                        <div class="user-image">
                            <img src="/aalmir_logo/static/src/img/company_logo.png" alt="AAL-MIR ERP" title="API-ERP" class="img-circle"/>
                        </div>
                        <div class="user-info-block">
                            <!--div class="user-heading">
                                <h3>Version <t t-esc="version_info.server_version"/></h3>
                            </div-->
                            <div class="user-body">
                                <div class="tab-content">
                                    <div id="settings" class="tab-pane active">
                                        <h4>Copyright © 2016-2017 AAL-MIR</h4>
                                        <p>API ERP is a trademark of <a target="_blank" href="https://aalmirplastic.com" style="text-decoration: underline;">AAL-MIR Plastic Industries</a></p>
                                        <p>Licenced under the terms of <a target="_blank" href="http://www.gnu.org/licenses/lgpl.html" style="text-decoration: underline;">GNU Lesser General Public License</a></p>
                                        <p>For more information visit <a target="_blank" href="https://aalmirplastic.com" style="text-decoration: underline;">aalmirplastic.com</a></p>
                                        <p>
                                          <a href="https://www.facebook.com"><i class="fa fa-facebook-square fa-3x social-fb"></i></a>
                                          <a href="https://www.twitter.com"><i class="fa fa-twitter-square fa-3x social-tw"></i></a>
                                          <a href="https://plus.google.com"><i class="fa fa-google-plus-square fa-3x social-gp"></i></a>
                                          <a href="https://www.odoo.com/web/about/linkedin"><i class="fa fa-linkedin-square fa-3x social-lk"></i></a>
                                        </p>
                                    </div>
                                </div>
                            </div>
                        </div>
                    </div>
                </div>
            </div>
        </div>
      </t>
    </t>

<!-- extend to hide link in user login list on top-->
    <t t-extend="UserMenu">
        <t t-jquery="li" t-operation="replace">
        <li class="dropdown">
            <a href="#" class="dropdown-toggle" data-toggle="dropdown">
                <img class="oe_topbar_avatar" t-att-data-default-src="_s + '/web/static/src/img/user_menu_avatar.png'"/>
                <span class="oe_topbar_name"/> <b class="caret"></b>
            </a>
            <ul class="dropdown-menu">
                <!--li><a href="#" data-menu="about">About</a></li-->
                <li><a href="#" data-menu="settings">Preferences</a></li>
                <li><a href="#" data-menu="logout">Log out</a></li>
            </ul>
        </li>
        </t>
    </t>
    
        <!-- for changing Header -->

    <t t-extend="CrashManager.warning">
        <t t-jquery="div" t-operation="replace">
        <div class="o_dialog_warning">
            <t t-js="d">
                var message = d.message ? d.message : d.error.data.message;
                d.html_error = context.engine.tools.html_escape(message).replace(/\n/g, '<br/>');
            </t>
            <t t-raw="html_error"/>
        </div>
        </t>
    </t>
    <t t-extend="CrashManager.error">
        <t t-jquery="div" t-operation="replace">
        <div class="o_error_detail">
            <pre><t t-esc="error.message"/></pre>
            <pre><t t-esc="error.data.debug"/></pre>
        </div>
        </t>
    </t>
    
</templates>
